case,dual_relaxed_median_ms,dual_relaxed_iqr_ms,dual_relaxed_mean_ms,dual_relaxed_std_ms,dual_cmp_median_ms,dual_cmp_iqr_ms,dual_cmp_mean_ms,dual_cmp_std_ms,dual_principal_median_ms,dual_principal_iqr_ms,dual_principal_mean_ms,dual_principal_std_ms,cvxpy_relaxed_median_ms,cvxpy_relaxed_iqr_ms,cvxpy_relaxed_mean_ms,cvxpy_relaxed_std_ms,cvxpy_cmp_median_ms,cvxpy_cmp_iqr_ms,cvxpy_cmp_mean_ms,cvxpy_cmp_std_ms,cvxpy_principal_median_ms,cvxpy_principal_iqr_ms,cvxpy_principal_mean_ms,cvxpy_principal_std_ms,n_runs,warmup_runs_discarded
gaussian-easy,1.0435004951432347,0.03487672074697912,1.0625132417771965,0.06981891212673678,2.7063860034104437,0.032477269996888936,2.7047176990890875,0.02955871407206958,92.6349530054722,0.8938942773966119,92.58002370188478,0.6149994559865255,13.724722026381642,0.17970097542274743,13.760360356536694,0.21140250286435275,239.86591899301857,2.107135733240284,239.88558579585515,1.5910171623349036,18522.82001898857,52.91738647792954,18515.32699780655,46.286025868107274,20,1
gaussian-hard,0.9955624991562217,0.03550146357156336,0.9961917967302725,0.027690356120771815,10.234422981739044,0.09369151666760445,10.231835395097733,0.06307924546804686,355.91668653069064,1.6890162514755502,358.80188140727114,13.498272612032375,13.53118650149554,0.24209627008531243,13.587415250367485,0.23937617213115125,232.86478052614257,1.5956389688653871,233.06223725667223,0.9995497982391527,17355.189436493674,54.48291353241075,17362.26799134747,33.51798437398984,20,1
t,0.974315480561927,0.02372023300267756,0.9800728992559016,0.019438259846886137,13.677650975296274,0.10452674177940935,13.702054740861058,0.1532575225370585,8253.20738600567,25.446984684094787,8256.039818457793,21.01378615015315,12.732373492326587,0.19450152467470616,12.75351749791298,0.13646522447581044,231.52199399191886,1.5906377520877868,231.87416339642368,1.6468590410560309,20077.559967001434,106.03984427871183,20046.156757257995,105.28010639483595,20,1
